Coach,School,Conference,W_2015,L_2015,W-L%_2015,AP_Pre_2015,AP_Post_2015,NCAA_Tournament_2015,Since_2015,W_Career_2015,L_Career_2015,W-L%_Career_2015,NCAA_Career_2015,S16_Career_2015,FF_Career_2015,Chmp_Career_2015,W_Overall_2015,L_Overall_2015,W-L%_Overall_2015,NCAA_Overall_2015,S16_Overall_2015,FF_Overall_2015,Chmp_Overall_2015
Joe Golding,Abilene Christian,Southland,13,18,0.419,,,,2013-14,34,59,0.366,,,,,34,59,0.366,,,,
Dave Pilipovich,Air Force,MWC,14,18,0.438,,,,2011-12,60,73,0.451,,,,,60,73,0.451,,,,
Keith Dambrot,Akron,MAC,26,9,0.743,,,,2004-05,278,130,0.681,3,,,,298,164,0.645,3,,,
Avery Johnson,Alabama,SEC,18,15,0.545,,,,2015-16,18,15,0.545,,,,,18,15,0.545,,,,
Willie Hayes,Alabama A&M,SWAC,11,18,0.379,,,,2011-12,52,95,0.354,,,,,52,95,0.354,,,,
Jerod Haase,Alabama-Birmingham,CUSA,26,7,0.788,,,,2012-13,80,53,0.602,1,,,,80,53,0.602,1,,,
Lewis Jackson,Alabama State,SWAC,14,17,0.452,,,,2005-06,171,173,0.497,2,,,,171,173,0.497,2,,,
Will Brown,Albany (NY),AEC,24,9,0.727,,,,2001-02,239,224,0.516,5,,,,239,224,0.516,5,,,
Montez Robinson,Alcorn State,SWAC,15,15,0.5,,,,2015-16,15,15,0.5,,,,,15,15,0.5,,,,
Mike Brennan,American,Patriot,12,19,0.387,,,,2013-14,49,48,0.505,1,,,,49,48,0.505,1,,,
Jim Fox,Appalachian State,Sun Belt,9,22,0.29,,,,2014-15,21,39,0.35,,,,,21,39,0.35,,,,
Sean Miller,Arizona,Pac-12,25,9,0.735,12,17,Lost First Round,2009-10,188,61,0.755,5,4,,,308,108,0.74,9,6,,
Bobby Hurley,Arizona State,Pac-12,15,17,0.469,,,,2015-16,15,17,0.469,,,,,57,37,0.606,1,,,
Mike Anderson,Arkansas,SEC,16,16,0.5,,,,2011-12,102,64,0.614,1,,,,302,162,0.651,7,2,,
Chris Beard,Little Rock,Sun Belt,30,5,0.857,,,Lost Second Round,2015-16,30,5,0.857,1,,,,30,5,0.857,1,,,
George Ivory,Arkansas-Pine Bluff,SWAC,8,25,0.242,,,,2008-09,98,157,0.384,1,,,,98,157,0.384,1,,,
John Brady,Arkansas State,Sun Belt,11,20,0.355,,,,2008-09,121,129,0.484,,,,,402,345,0.538,4,2,1,
Zach Spiker,Army,Patriot,19,14,0.576,,,,2009-10,102,112,0.477,,,,,102,112,0.477,,,,
Bruce Pearl,Auburn,SEC,11,20,0.355,,,,2014-15,26,40,0.394,,,,,257,139,0.649,8,4,,
Dave Loos,Austin Peay,OVC,18,18,0.5,,,Lost First Round,1990-91,409,391,0.511,4,,,,409,391,0.511,4,,,
James Whitford,Ball State,MAC,21,14,0.6,,,,2013-14,33,62,0.347,,,,,33,62,0.347,,,,
Scott Drew,Baylor,Big 12,22,12,0.647,22,21,Lost First Round,2003-04,252,172,0.594,6,3,,,272,183,0.598,6,3,,
Rick Byrd,Belmont,OVC,20,12,0.625,,,,1999-00,341,198,0.633,7,,,,341,198,0.633,7,,,
Gravelle Craig,Bethune-Cookman,MEAC,14,18,0.438,,,,2011-12,64,101,0.388,,,,,64,101,0.388,,,,
Tommy Dempsey,Binghamton,AEC,8,22,0.267,,,,2012-13,24,98,0.197,,,,,143,203,0.413,,,,
Leon Rice,Boise State,MWC,20,12,0.625,,,,2010-11,122,75,0.619,2,,,,122,75,0.619,2,,,
Jim Christian,Boston College,ACC,7,25,0.219,,,,2014-15,20,44,0.312,,,,,262,198,0.57,2,,,
Joe Jones,Boston University,Patriot,19,15,0.559,,,,2011-12,89,72,0.553,,,,,175,180,0.493,,,,
Michael Huger,Bowling Green State,MAC,16,18,0.471,,,,2015-16,16,18,0.471,,,,,16,18,0.471,,,,
Brian Wardle,Bradley,MVC,5,27,0.156,,,,2015-16,5,27,0.156,,,,,100,92,0.521,,,,
Dave Rose,BYU,WCC,26,11,0.703,,,,2005-06,283,99,0.741,8,1,,,283,99,0.741,8,1,,
Mike Martin,Brown,Ivy,8,20,0.286,,,,2012-13,49,67,0.422,,,,,49,67,0.422,,,,
Tim O'Shea,Bryant,NEC,8,23,0.258,,,,2008-09,81,163,0.332,,,,,201,258,0.438,1,,,
Nathan Davis,Bucknell,Patriot,17,14,0.548,,,,2015-16,17,14,0.548,,,,,17,14,0.548,,,,
Nate Oats,Buffalo,MAC,20,15,0.571,,,Lost First Round,2015-16,20,15,0.571,1,,,,20,15,0.571,1,,,
Chris Holtmann,Butler,Big East,22,11,0.667,24,,Lost Second Round,2014-15,45,22,0.672,2,,,,89,76,0.539,2,,,
Joe Callero,Cal Poly,Big West,10,20,0.333,,,,2009-10,100,119,0.457,1,,,,100,119,0.457,1,,,
Rod Barnes,Cal State Bakersfield,WAC,24,9,0.727,,,Lost First Round,2011-12,81,78,0.509,1,,,,267,267,0.5,4,1,,
Dedrique Taylor,Cal State Fullerton,Big West,10,20,0.333,,,,2013-14,30,62,0.326,,,,,30,62,0.326,,,,
Reggie Theus,Cal State Northridge,Big West,10,20,0.333,,,,2013-14,36,62,0.367,,,,,77,85,0.475,1,,,
Cuonzo Martin,California,Pac-12,23,11,0.676,14,23,Lost First Round,2014-15,41,26,0.612,1,,,,165,108,0.604,2,1,,
Jim Les,UC-Davis,Big West,11,19,0.367,,,,2011-12,64,91,0.413,,,,,218,231,0.486,1,1,,
Russ Turner,UC-Irvine,Big West,28,10,0.737,,,,2010-11,118,90,0.567,1,,,,118,90,0.567,1,,,
Dennis Cutts,UC-Riverside,Big West,14,19,0.424,,,,2013-14,38,57,0.4,,,,,38,57,0.4,,,,
Bob Williams,UCSB,Big West,19,14,0.576,,,,1998-99,307,238,0.563,3,,,,307,238,0.563,3,,,
Kevin McGeehan,Campbell,Big South,12,18,0.4,,,,2013-14,34,60,0.362,,,,,34,60,0.362,,,,
Jim Baron,Canisius,MAAC,14,19,0.424,,,,2012-13,73,61,0.545,,,,,462,430,0.518,2,,,
Russ Pennell,Central Arkansas,Southland,7,21,0.25,,,,2014-15,9,48,0.158,,,,,30,62,0.326,1,1,,
Howie Dickenman,Central Connecticut,NEC,4,25,0.138,,,,1996-97,282,311,0.476,3,,,,282,311,0.476,3,,,
Donnie Jones*,UCF,AAC,12,18,0.4,,,,2010-11,100,88,0.532,,,,,155,129,0.546,,,,
Keno Davis,Central Michigan,MAC,17,16,0.515,,,,2012-13,61,66,0.48,,,,,135,121,0.527,1,,,
Barclay Radebaugh,Charleston Southern,Big South,9,21,0.3,,,,2005-06,148,187,0.442,,,,,148,187,0.442,,,,
Mark Price,Charlotte,CUSA,14,19,0.424,,,,2015-16,14,19,0.424,,,,,14,19,0.424,,,,
Matt McCall,Chattanooga,Southern,29,6,0.829,,,Lost First Round,2015-16,29,6,0.829,1,,,,29,6,0.829,1,,,
Tracy Dildy,Chicago State,WAC,4,28,0.125,,,,2010-11,46,145,0.241,,,,,46,145,0.241,,,,
Mick Cronin,Cincinnati,AAC,22,11,0.667,,,Lost First Round,2006-07,207,129,0.616,6,1,,,276,153,0.643,8,1,,
Duggar Baucom,Citadel,Southern,10,22,0.312,,,,2015-16,10,22,0.312,,,,,161,181,0.471,,,,
Brad Brownell,Clemson,ACC,17,14,0.548,,,,2010-11,107,87,0.552,1,,,,274,172,0.614,4,,,
Gary Waters,Cleveland State,Horizon,9,23,0.281,,,,2006-07,185,150,0.552,1,,,,356,285,0.555,3,,,
Cliff Ellis,Coastal Carolina,Big South,21,12,0.636,,,,2007-08,179,110,0.619,2,,,,715,448,0.615,10,3,,
Matt Langel,Colgate,Patriot,13,17,0.433,,,,2011-12,61,95,0.391,,,,,61,95,0.391,,,,
Earl Grant,College of Charleston,CAA,17,14,0.548,,,,2014-15,26,38,0.406,,,,,26,38,0.406,,,,
Tad Boyle,Colorado,Pac-12,22,12,0.647,,,Lost First Round,2010-11,130,80,0.619,4,,,,186,146,0.56,4,,,
Larry Eustachy,Colorado State,MWC,18,16,0.529,,,,2012-13,87,48,0.644,1,,,,489,306,0.615,5,1,,
Kyle Smith,Columbia,Ivy,25,10,0.714,,,,2010-11,101,82,0.552,,,,,101,82,0.552,,,,
Kevin Ollie,UConn,AAC,25,11,0.694,20,,Lost Second Round,2012-13,97,44,0.688,2,1,1,1,97,44,0.688,2,1,1,1
Michael Grant,Coppin State,MEAC,9,22,0.29,,,,2014-15,17,45,0.274,,,,,43,76,0.361,,,,
Bill Courtney,Cornell,Ivy,10,18,0.357,,,,2010-11,60,113,0.347,,,,,60,113,0.347,,,,
Greg McDermott,Creighton,Big East,20,15,0.571,,,,2010-11,141,72,0.662,3,,,,290,203,0.588,6,,,
Paul Cormier,Dartmouth,Ivy,10,18,0.357,,,,1984-85,142,211,0.402,,,,,228,322,0.415,1,,,
Bob McKillop,Davidson,A-10,20,13,0.606,,,,1989-90,516,313,0.622,8,1,,,516,313,0.622,8,1,,
Archie Miller,Dayton,A-10,25,8,0.758,,,Lost First Round,2011-12,115,55,0.676,3,1,,,115,55,0.676,3,1,,
Monte Ross,Delaware,CAA,7,23,0.233,,,,2006-07,132,184,0.418,1,,,,132,184,0.418,1,,,
Keith Walker,Delaware State,MEAC,7,25,0.219,,,,2013-14,30,49,0.38,,,,,30,49,0.38,,,,
Joe Scott,Denver,Summit,16,15,0.516,,,,2007-08,146,132,0.525,,,,,235,240,0.495,1,,,
Dave Leitao,DePaul,Big East,9,22,0.29,,,,2002-03,67,56,0.545,1,,,,152,151,0.502,2,,,
Ray McCallum,Detroit,Horizon,16,15,0.516,,,,2008-09,130,132,0.496,1,,,,300,281,0.516,3,,,
Ray Giacoletti,Drake,MVC,7,24,0.226,,,,2013-14,31,62,0.333,,,,,154,152,0.503,2,1,,
Bruiser Flint,Drexel,CAA,6,25,0.194,,,,2001-02,245,217,0.53,,,,,331,289,0.534,2,,,
Mike Krzyzewski,Duke,ACC,25,11,0.694,5,19,Lost Regional Semifinal,1980-81,970,262,0.787,32,23,12,5,1043,321,0.765,32,23,12,5
Jim Ferry,Duquesne,A-10,17,17,0.5,,,,2012-13,50,75,0.4,,,,,200,224,0.472,2,,,
Jeff Lebo,East Carolina,AAC,12,20,0.375,,,,2010-11,99,100,0.497,,,,,310,256,0.548,,,,
Steve Forbes,ETSU,Southern,24,12,0.667,,,,2015-16,24,12,0.667,,,,,24,12,0.667,,,,
Jay Spoonhour,Eastern Illinois,OVC,13,17,0.433,,,,2012-13,53,72,0.424,,,,,59,76,0.437,,,,
Dan McHale,Eastern Kentucky,OVC,15,16,0.484,,,,2015-16,15,16,0.484,,,,,15,16,0.484,,,,
Rob Murphy,Eastern Michigan,MAC,18,15,0.545,,,,2011-12,91,80,0.532,,,,,91,80,0.532,,,,
Jim Hayford,Eastern Washington,Big Sky,18,16,0.529,,,,2011-12,84,79,0.515,1,,,,84,79,0.515,1,,,
Matt Matheny,Elon,CAA,16,16,0.5,,,,2009-10,108,116,0.482,,,,,108,116,0.482,,,,
Marty Simmons,Evansville,MVC,25,9,0.735,,,,2007-08,151,143,0.514,,,,,151,143,0.514,,,,
Sydney Johnson,Fairfield,MAAC,19,14,0.576,,,,2011-12,74,94,0.44,,,,,140,147,0.488,1,,,
Greg Herenda,Fairleigh Dickinson,NEC,18,15,0.545,,,,2013-14,36,57,0.387,1,,,,36,57,0.387,1,,,
Michael White,Florida,SEC,21,15,0.583,,,,2015-16,21,15,0.583,,,,,122,55,0.689,,,,
Byron Samuels,Florida A&M,MEAC,8,21,0.276,,,,2014-15,10,48,0.172,,,,,85,171,0.332,,,,
Michael Curry,Florida Atlantic,CUSA,8,25,0.242,,,,2014-15,17,45,0.274,,,,,17,45,0.274,,,,
Joe Dooley,Florida Gulf Coast,A-Sun,21,14,0.6,,,Lost First Round,2013-14,65,38,0.631,1,,,,122,90,0.575,1,,,
Anthony Evans,Florida International,CUSA,13,19,0.406,,,,2013-14,44,52,0.458,,,,,143,146,0.495,1,,,
Leonard Hamilton*,Florida State,ACC,20,14,0.588,,,,2002-03,278,187,0.598,4,1,,,478,397,0.546,7,2,,
Jeff Neubauer,Fordham,A-10,17,14,0.548,,,,2015-16,17,14,0.548,,,,,205,148,0.581,2,,,
Rodney Terry,Fresno State,MWC,25,10,0.714,,,Lost First Round,2011-12,85,84,0.503,1,,,,85,84,0.503,1,,,
Niko Medved,Furman,Southern,19,16,0.543,,,,2013-14,39,59,0.398,,,,,39,59,0.398,,,,
Tim Craft,Gardner-Webb,Big South,17,16,0.515,,,,2013-14,55,46,0.545,,,,,55,46,0.545,,,,
Dave Paulsen,George Mason,A-10,11,21,0.344,,,,2015-16,11,21,0.344,,,,,145,115,0.558,2,,,
Mike Lonergan,George Washington,A-10,28,10,0.737,,,,2011-12,97,70,0.581,1,,,,223,138,0.618,2,,,
John Thompson,Georgetown,Big East,15,18,0.455,,,,2004-05,264,133,0.665,8,2,1,,332,175,0.655,10,2,1,
Mark Fox,Georgia,SEC,20,14,0.588,,,,2009-10,126,103,0.55,2,,,,249,146,0.63,5,,,
Mark Byington,Georgia Southern,Sun Belt,14,17,0.452,,,,2013-14,51,45,0.531,,,,,51,45,0.531,,,,
Ron Hunter,Georgia State,Sun Belt,16,14,0.533,,,,2011-12,103,61,0.628,1,,,,324,240,0.574,2,,,
Brian Gregory,Georgia Tech,ACC,21,15,0.583,,,,2011-12,76,86,0.469,,,,,248,180,0.579,2,,,
Mark Few,Gonzaga,WCC,28,8,0.778,9,,Lost Regional Semifinal,1999-00,466,111,0.808,17,6,,,466,111,0.808,17,6,,
Shawn Walker,Grambling,SWAC,7,24,0.226,,,,2014-15,9,51,0.15,,,,,9,51,0.15,,,,
Dan Majerle,Grand Canyon,WAC,27,7,0.794,,,,2013-14,59,37,0.615,,,,,59,37,0.615,,,,
Linc Darner,Green Bay,Horizon,23,13,0.639,,,Lost First Round,2015-16,23,13,0.639,1,,,,23,13,0.639,1,,,
Edward Joyner,Hampton,MEAC,21,11,0.656,,,Lost First Round,2009-10,120,107,0.529,3,,,,120,107,0.529,3,,,
John Gallagher,Hartford,AEC,10,23,0.303,,,,2010-11,78,111,0.413,,,,,78,111,0.413,,,,
Tommy Amaker,Harvard,Ivy,14,16,0.467,,,,2007-08,175,95,0.648,4,,,,351,234,0.6,5,1,,
Eran Ganot,Hawaii,Big West,28,6,0.824,,,Lost Second Round,2015-16,28,6,0.824,1,,,,31,8,0.795,1,,,
Scott Cherry,High Point,Big South,21,11,0.656,,,,2009-10,117,102,0.534,,,,,117,102,0.534,,,,
Joe Mihalich,Hofstra,CAA,24,10,0.706,,,,2013-14,54,47,0.535,,,,,319,250,0.561,2,,,
Bill Carmody,Holy Cross,Patriot,15,20,0.429,,,Lost First Round,2015-16,15,20,0.429,1,,,,299,255,0.54,3,,,
Kelvin Sampson,Houston,AAC,22,10,0.688,,,,2014-15,35,29,0.547,,,,,460,256,0.642,14,3,1,
Ron Cottrell,Houston Baptist,Southland,17,17,0.5,,,,2008-09,81,167,0.327,,,,,81,167,0.327,,,,
Kevin Nickelberry,Howard,MEAC,12,20,0.375,,,,2010-11,59,130,0.312,,,,,108,174,0.383,,,,
Don Verlin,Idaho,Big Sky,21,13,0.618,,,,2008-09,131,126,0.51,,,,,131,126,0.51,,,,
Bill Evans,Idaho State,Big Sky,16,15,0.516,,,,2012-13,40,80,0.333,,,,,248,303,0.45,1,,,
John Groce,Illinois,Big Ten,15,19,0.441,,,,2012-13,77,61,0.558,1,,,,162,117,0.581,3,1,,
Steve McClain,UIC,Horizon,5,25,0.167,,,,2015-16,5,25,0.167,,,,,162,140,0.536,1,,,
Dan Muller,Illinois State,MVC,18,14,0.562,,,,2012-13,76,58,0.567,,,,,76,58,0.567,,,,
Ken Burmeister,Incarnate Word,Southland,17,12,0.586,,,,2013-14,56,29,0.659,,,,,168,144,0.538,1,,,
Tom Crean,Indiana,Big Ten,27,8,0.771,15,14,Lost Regional Semifinal,2008-09,148,119,0.554,4,3,,,338,215,0.611,9,4,1,
Greg Lansing,Indiana State,MVC,15,17,0.469,,,,2010-11,109,88,0.553,1,,,,109,88,0.553,1,,,
Tim Cluess,Iona,MAAC,22,11,0.667,,,Lost First Round,2010-11,140,65,0.683,3,,,,140,65,0.683,3,,,
Fran McCaffery,Iowa,Big Ten,22,11,0.667,,25,Lost Second Round,2010-11,118,86,0.578,3,,,,369,263,0.584,8,,,
Steve Prohm,Iowa State,Big 12,23,12,0.657,7,22,Lost Regional Semifinal,2015-16,23,12,0.657,1,1,,,127,41,0.756,2,1,,
Jon Coffman,Fort Wayne,Summit,24,10,0.706,,,,2014-15,40,25,0.615,,,,,40,25,0.615,,,,
Jason Gardner,IUPUI,Summit,13,19,0.406,,,,2014-15,23,40,0.365,,,,,23,40,0.365,,,,
Wayne Brent,Jackson State,SWAC,20,16,0.556,,,,2013-14,42,57,0.424,,,,,42,57,0.424,,,,
Tony Jasick,Jacksonville,A-Sun,16,16,0.5,,,,2014-15,26,38,0.406,,,,,78,85,0.479,,,,
James Green,Jacksonville State,OVC,8,23,0.258,,,,2008-09,89,153,0.368,,,,,256,315,0.448,1,,,
Matt Brady,James Madison,CAA,21,11,0.656,,,,2008-09,139,127,0.523,1,,,,212,177,0.545,1,,,
Bill Self,Kansas,Big 12,33,5,0.868,4,1,Lost Regional Final,2003-04,385,83,0.823,13,8,2,1,592,188,0.759,18,11,2,1
Bruce Weber,Kansas State,Big 12,17,16,0.515,,,,2012-13,79,54,0.594,2,,,,392,209,0.652,10,3,1,
Al Skinner,Kennesaw State,A-Sun,11,20,0.355,,,,2015-16,11,20,0.355,,,,,396,311,0.56,9,1,,
Rob Senderoff,Kent State,MAC,19,13,0.594,,,,2011-12,100,67,0.599,,,,,100,67,0.599,,,,
John Calipari*,Kentucky,SEC,27,9,0.75,2,10,Lost Second Round,2009-10,217,47,0.822,6,5,4,1,662,187,0.78,17,12,6,1
John Giannini,La Salle,A-10,9,22,0.29,,,,2004-05,184,192,0.489,1,1,,,309,303,0.505,1,1,,
Fran O'Hanlon,Lafayette,Patriot,6,24,0.2,,,,1995-96,294,333,0.469,3,,,,294,333,0.469,3,,,
Tic Price,Lamar,Southland,11,19,0.367,,,,2013-14,27,38,0.415,,,,,194,160,0.548,2,,,
Brett Reed,Lehigh,Patriot,17,15,0.531,,,,2007-08,162,120,0.574,2,,,,162,120,0.574,2,,,
Ritchie McKay,Liberty,Big South,13,19,0.406,,,,2007-08,52,47,0.525,,,,,217,205,0.514,1,,,
Casey Alexander,Lipscomb,A-Sun,12,21,0.364,,,,2013-14,41,53,0.436,,,,,65,89,0.422,,,,
Dan Monson,Long Beach State,Big West,20,15,0.571,,,,2007-08,155,140,0.525,1,,,,325,263,0.553,3,1,,
Jack Perri,LIU-Brooklyn,NEC,16,15,0.516,,,,2012-13,57,67,0.46,1,,,,57,67,0.46,1,,,
Jayson Gee,Longwood,Big South,10,23,0.303,,,,2013-14,29,70,0.293,,,,,29,70,0.293,,,,
Bob Marlin,Louisiana,Sun Belt,19,15,0.559,,,,2010-11,107,92,0.538,1,,,,332,223,0.598,3,,,
Keith Richard,Louisiana-Monroe,Sun Belt,20,14,0.588,,,,2010-11,68,118,0.366,,,,,218,235,0.481,,,,
Johnny Jones,LSU,SEC,19,14,0.576,21,,,2012-13,80,51,0.611,1,,,,285,213,0.572,3,,,
Eric Konkol,Louisiana Tech,CUSA,23,10,0.697,,,,2015-16,23,10,0.697,,,,,23,10,0.697,,,,
Rick Pitino*,Louisville,ACC,23,8,0.742,,16,,2001-02,391,134,0.745,12,7,3,1,745,262,0.74,20,13,7,2
Porter Moser,Loyola (IL),MVC,15,17,0.469,,,,2011-12,71,91,0.438,,,,,176,192,0.478,,,,
Mike Dunlap,Loyola Marymount,WCC,14,17,0.452,,,,2014-15,22,40,0.355,,,,,22,40,0.355,,,,
G.G. Smith,Loyola (MD),Patriot,9,21,0.3,,,,2013-14,31,59,0.344,,,,,31,59,0.344,,,,
Bob Walsh,Maine,AEC,8,22,0.267,,,,2014-15,11,49,0.183,,,,,11,49,0.183,,,,
Steve Masiello,Manhattan,MAAC,13,18,0.419,,,,2011-12,92,71,0.564,2,,,,92,71,0.564,2,,,
Mike Maker,Marist,MAAC,7,23,0.233,,,,2014-15,14,48,0.226,,,,,14,48,0.226,,,,
Steve Wojciechowski,Marquette,Big East,20,13,0.606,,,,2014-15,33,32,0.508,,,,,33,32,0.508,,,,
Dan D'Antoni,Marshall,CUSA,17,16,0.515,,,,2014-15,28,37,0.431,,,,,28,37,0.431,,,,
Mark Turgeon,Maryland,Big Ten,27,9,0.75,3,18,Lost Regional Semifinal,2011-12,114,59,0.659,2,1,,,364,218,0.625,7,2,,
Aki Thomas,UMBC,AEC,7,25,0.219,,,,2012-13,28,95,0.228,,,,,28,95,0.228,,,,
Bobby Collins,Maryland-Eastern Shore,MEAC,10,22,0.312,,,,2014-15,28,37,0.431,,,,,130,175,0.426,1,,,
Derek Kellogg,UMass,A-10,14,18,0.438,,,,2008-09,140,119,0.541,1,,,,140,119,0.541,1,,,
Pat Duquette,UMass-Lowell,AEC,11,18,0.379,,,,2013-14,33,53,0.384,,,,,33,53,0.384,,,,
Dave Simmons,McNeese State,Southland,9,20,0.31,,,,2006-07,136,172,0.442,,,,,136,172,0.442,,,,
Josh Pastner,Memphis,AAC,19,15,0.559,,,,2009-10,167,73,0.696,4,,,,167,73,0.696,4,,,
Bob Hoffman,Mercer,Southern,19,15,0.559,,,,2008-09,164,113,0.592,1,,,,232,190,0.55,1,,,
Jim Larranaga,Miami (FL),ACC,27,8,0.771,,10,Lost Regional Semifinal,2011-12,118,57,0.674,2,2,,,560,366,0.605,7,3,1,
John Cooper,Miami (OH),MAC,13,20,0.394,,,,2012-13,48,79,0.378,,,,,91,131,0.41,,,,
John Beilein,Michigan,Big Ten,23,13,0.639,25,,Lost First Round,2007-08,189,123,0.606,6,2,1,,482,298,0.618,10,4,1,
Tom Izzo,Michigan State,Big Ten,29,6,0.829,13,2,Lost First Round,1995-96,524,205,0.719,19,13,7,1,524,205,0.719,19,13,7,1
Kermit Davis,Middle Tennessee,CUSA,25,10,0.714,,,Lost Second Round,2002-03,276,175,0.612,2,,,,347,225,0.607,4,,,
Rob Jeter,Milwaukee,Horizon,20,13,0.606,,,,2005-06,184,170,0.52,2,,,,184,170,0.52,2,,,
Richard Pitino,Minnesota,Big Ten,8,23,0.258,,,,2013-14,51,51,0.5,,,,,69,65,0.515,,,,
Andy Kennedy,Ole Miss,SEC,20,12,0.625,,,,2006-07,212,126,0.627,2,,,,233,139,0.626,2,,,
Ben Howland,Mississippi State,SEC,14,17,0.452,,,,2015-16,14,17,0.452,,,,,413,225,0.647,10,5,3,
Andre Payne,Mississippi Valley State,SWAC,8,27,0.229,,,,2014-15,14,53,0.209,,,,,14,53,0.209,,,,
Kim Anderson,Missouri,SEC,10,21,0.323,,,,2014-15,19,44,0.302,,,,,19,44,0.302,,,,
Kareem Richardson,UMKC,WAC,12,19,0.387,,,,2013-14,36,58,0.383,,,,,36,58,0.383,,,,
Paul Lusk,Missouri State,MVC,13,19,0.406,,,,2011-12,71,90,0.441,,,,,71,90,0.441,,,,
King Rice,Monmouth,MAAC,28,8,0.778,,,,2011-12,79,85,0.482,,,,,79,85,0.482,,,,
Travis DeCuire,Montana,Big Sky,21,12,0.636,,,,2014-15,41,25,0.621,,,,,41,25,0.621,,,,
Brian Fish,Montana State,Big Sky,14,17,0.452,,,,2014-15,21,40,0.344,,,,,21,40,0.344,,,,
Sean Woods,Morehead State,OVC,23,14,0.622,,,,2012-13,75,63,0.543,,,,,125,143,0.466,1,,,
Todd Bozeman*,Morgan State,MEAC,9,22,0.29,,,,2006-07,159,162,0.495,2,,,,222,197,0.53,5,1,,
Jamion Christian,Mount St. Mary's,NEC,14,19,0.424,,,,2012-13,63,65,0.492,1,,,,63,65,0.492,1,,,
Matt McMahon,Murray State,OVC,17,14,0.548,,,,2015-16,17,14,0.548,,,,,17,14,0.548,,,,
Ed DeChellis,Navy,Patriot,19,14,0.576,,,,2011-12,52,103,0.335,,,,,271,334,0.448,2,,,
Tim Miles,Nebraska,Big Ten,16,18,0.471,,,,2012-13,63,67,0.485,1,,,,170,175,0.493,2,,,
Derrin Hansen,Omaha,Summit,18,14,0.562,,,,2012-13,58,66,0.468,,,,,58,66,0.468,,,,
Eric Musselman,Nevada,MWC,24,14,0.632,,,,2015-16,24,14,0.632,,,,,24,14,0.632,,,,
Dave Rice,UNLV,MWC,9,7,0.562,,,,2011-12,98,54,0.645,2,,,,98,54,0.645,2,,,
Todd Simon,UNLV,MWC,9,8,0.529,,,,2015-16,9,8,0.529,,,,,9,8,0.529,,,,
Bill Herrion,New Hampshire,AEC,20,13,0.606,,,,2005-06,137,194,0.414,,,,,374,363,0.507,3,,,
Craig Neal,New Mexico,MWC,17,15,0.531,,,,2013-14,59,38,0.608,1,,,,59,38,0.608,1,,,
Marvin Menzies,New Mexico State,WAC,23,11,0.676,,,,2007-08,198,111,0.641,5,,,,198,111,0.641,5,,,
Mark Slessinger,New Orleans,Southland,10,20,0.333,,,,2012-13,40,71,0.36,,,,,40,71,0.36,,,,
Chris Casey,Niagara,MAAC,7,25,0.219,,,,2013-14,22,73,0.232,,,,,22,73,0.232,,,,
J.P. Piper,Nicholls State,Southland,11,23,0.324,,,,2004-05,132,224,0.371,,,,,132,224,0.371,,,,
Jim Engles,NJIT,A-Sun,20,15,0.571,,,,2008-09,111,139,0.444,,,,,111,139,0.444,,,,
Robert Jones,Norfolk State,MEAC,17,17,0.5,,,,2013-14,56,46,0.549,,,,,56,46,0.549,,,,
Roy Williams,UNC,ACC,33,7,0.825,1,3,Lost National Final,2003-04,365,108,0.772,12,8,4,2,783,209,0.789,26,17,8,2
Nick McDevitt,UNC Asheville,Big South,22,12,0.647,,,Lost First Round,2013-14,54,43,0.557,1,,,,54,43,0.557,1,,,
Cy Alexander,North Carolina A&T,MEAC,5,17,0.227,,,,2012-13,43,80,0.35,1,,,,386,386,0.5,6,,,
Jay Joyner,North Carolina A&T,MEAC,5,5,0.5,,,,2015-16,5,5,0.5,,,,,5,5,0.5,,,,
LeVelle Moton,North Carolina Central,MEAC,13,19,0.406,,,,2009-10,127,94,0.575,1,,,,127,94,0.575,1,,,
Wes Miller,UNC Greensboro,Southern,15,19,0.441,,,,2011-12,60,92,0.395,,,,,60,92,0.395,,,,
Mark Gottfried,NC State,ACC,16,17,0.485,,,,2011-12,108,69,0.61,4,2,,,386,224,0.633,11,3,,
Kevin Keatts,UNC Wilmington,CAA,25,8,0.758,,,Lost First Round,2014-15,43,22,0.662,1,,,,43,22,0.662,1,,,
Brian Jones,North Dakota,Big Sky,17,16,0.515,,,,2009-10,102,125,0.449,,,,,102,125,0.449,,,,
David Richman,North Dakota State,Summit,20,13,0.606,,,,2014-15,43,23,0.652,1,,,,43,23,0.652,1,,,
Matthew Driscoll,North Florida,A-Sun,22,12,0.647,,,,2009-10,118,112,0.513,1,,,,118,112,0.513,1,,,
Tony Benford,North Texas,CUSA,12,20,0.375,,,,2012-13,54,73,0.425,,,,,54,73,0.425,,,,
Bill Coen,Northeastern,CAA,18,15,0.545,,,,2006-07,163,160,0.505,1,,,,163,160,0.505,1,,,
Jack Murphy,Northern Arizona,Big Sky,5,25,0.167,,,,2012-13,54,78,0.409,,,,,54,78,0.409,,,,
B.J. Hill,Northern Colorado,Big Sky,10,21,0.323,,,,2010-11,86,98,0.467,1,,,,86,98,0.467,1,,,
Mark Montgomery,Northern Illinois,MAC,21,13,0.618,,,,2011-12,60,97,0.382,,,,,60,97,0.382,,,,
Ben Jacobson,Northern Iowa,MVC,23,13,0.639,,,Lost Second Round,2006-07,220,118,0.651,4,1,,,220,118,0.651,4,1,,
John Brannen,Northern Kentucky,Horizon,9,21,0.3,,,,2015-16,9,21,0.3,,,,,10,22,0.312,,,,
Chris Collins,Northwestern,Big Ten,20,12,0.625,,,,2013-14,49,48,0.505,,,,,49,48,0.505,,,,
Mike McConathy,Northwestern State,Southland,8,20,0.286,,,,1999-00,267,260,0.507,3,,,,267,260,0.507,3,,,
Mike Brey,Notre Dame,ACC,24,12,0.667,19,,Lost Regional Final,2000-01,356,177,0.668,11,3,,,455,229,0.665,13,3,,
Greg Kampe,Oakland,Horizon,23,12,0.657,,,,1999-00,294,253,0.537,3,,,,294,253,0.537,3,,,
Saul Phillips,Ohio,MAC,23,12,0.657,,,,2014-15,33,32,0.508,,,,,167,116,0.59,2,,,
Thad Matta,Ohio State,Big Ten,21,14,0.6,,,,2004-05,320,108,0.748,9,5,2,,422,139,0.752,13,6,2,
Lon Kruger,Oklahoma,Big 12,29,8,0.784,8,7,Lost National Semifinal,2011-12,111,57,0.661,4,2,1,,590,361,0.62,17,5,2,
Travis Ford,Oklahoma State,Big 12,12,20,0.375,,,,2008-09,155,111,0.583,5,,,,278,226,0.552,6,,,
Jeff Jones,Old Dominion,CUSA,25,13,0.658,,,,2013-14,70,39,0.642,,,,,427,326,0.567,7,2,,
Scott Sutton,Oral Roberts,Summit,14,17,0.452,,,,1999-00,320,225,0.587,3,,,,320,225,0.587,3,,,
Dana Altman,Oregon,Pac-12,31,7,0.816,,5,Lost Regional Final,2010-11,154,64,0.706,4,2,,,564,307,0.648,12,2,,
Wayne Tinkle,Oregon State,Pac-12,19,13,0.594,,,Lost First Round,2014-15,36,27,0.571,1,,,,194,118,0.622,4,,,
Ron Verlin,Pacific,WCC,8,20,0.286,,,,2013-14,38,55,0.409,,,,,38,55,0.409,,,,
Patrick Chambers,Penn State,Big Ten,16,16,0.5,,,,2011-12,72,91,0.442,,,,,114,119,0.489,1,,,
Steve Donahue,Penn,Ivy,11,17,0.393,,,,2015-16,11,17,0.393,,,,,211,231,0.477,3,1,,
Marty Wilson,Pepperdine,WCC,18,14,0.562,,,,1995-96,76,91,0.455,,,,,76,91,0.455,,,,
Jamie Dixon,Pitt,ACC,21,12,0.636,,,Lost First Round,2003-04,328,123,0.727,11,3,,,328,123,0.727,11,3,,
Eric Reveno,Portland,WCC,12,20,0.375,,,,2006-07,140,178,0.44,,,,,140,178,0.44,,,,
Tyler Geving,Portland State,Big Sky,13,18,0.419,,,,2009-10,97,117,0.453,,,,,97,117,0.453,,,,
Byron Rimm,Prairie View,SWAC,1,18,0.053,,,,2006-07,115,192,0.375,,,,,115,192,0.375,,,,
Byron Smith,Prairie View,SWAC,6,6,0.5,,,,2015-16,6,6,0.5,,,,,6,6,0.5,,,,
Gregg Nibert,Presbyterian,Big South,11,20,0.355,,,,2007-08,84,193,0.303,,,,,84,193,0.303,,,,
Mitch Henderson,Princeton,Ivy,22,7,0.759,,,,2011-12,96,53,0.644,,,,,96,53,0.644,,,,
Ed Cooley,Providence,Big East,24,11,0.686,,,Lost Second Round,2011-12,103,67,0.606,3,,,,195,136,0.589,3,,,
Matt Painter,Purdue,Big Ten,26,9,0.743,23,12,Lost First Round,2005-06,238,134,0.64,8,2,,,263,139,0.654,9,2,,
Tom Moore,Quinnipiac,MAAC,9,21,0.3,,,,2007-08,152,129,0.541,,,,,152,129,0.541,,,,
Mike Jones,Radford,Big South,16,15,0.516,,,,2011-12,79,85,0.482,,,,,79,85,0.482,,,,
Dan Hurley,Rhode Island,A-10,17,15,0.531,,,,2012-13,62,64,0.492,,,,,100,87,0.535,,,,
Mike Rhoades,Rice,CUSA,12,20,0.375,,,,2014-15,24,40,0.375,,,,,24,40,0.375,,,,
Chris Mooney,Richmond,A-10,16,16,0.5,,,,2005-06,203,162,0.556,2,1,,,221,174,0.559,2,1,,
Kevin Baggett,Rider,MAAC,13,20,0.394,,,,2012-13,67,64,0.511,,,,,67,64,0.511,,,,
Andrew Toole,Robert Morris,NEC,10,22,0.312,,,,2010-11,120,87,0.58,1,,,,120,87,0.58,1,,,
Eddie Jordan,Rutgers,Big Ten,7,25,0.219,,,,2013-14,29,68,0.299,,,,,29,68,0.299,,,,
Brian Katz,Sacramento State,Big Sky,14,17,0.452,,,,2008-09,91,147,0.382,,,,,91,147,0.382,,,,
Anthony Latina,Sacred Heart,NEC,12,18,0.4,,,,2013-14,32,61,0.344,,,,,32,61,0.344,,,,
Rob Krimmel,Saint Francis (PA),NEC,13,17,0.433,,,,2012-13,44,78,0.361,,,,,44,78,0.361,,,,
Phil Martelli,St. Joseph's,A-10,28,8,0.778,,,Lost Second Round,1995-96,403,273,0.596,7,2,,,403,273,0.596,7,2,,
Jim Crews,Saint Louis,A-10,11,21,0.344,,,,2012-13,77,56,0.579,2,,,,430,405,0.515,6,,,
Randy Bennett,Saint Mary's,WCC,29,6,0.829,,,,2001-02,333,151,0.688,5,1,,,333,151,0.688,5,1,,
John Dunne,St. Peter's,MAAC,14,16,0.467,,,,2006-07,116,194,0.374,1,,,,116,194,0.374,1,,,
Jason Hooten,Sam Houston State,Southland,18,16,0.529,,,,2010-11,116,85,0.577,,,,,116,85,0.577,,,,
Scott Padgett,Samford,Southern,14,19,0.424,,,,2014-15,27,38,0.415,,,,,27,38,0.415,,,,
Lamont Smith,San Diego,WCC,9,21,0.3,,,,2015-16,9,21,0.3,,,,,9,21,0.3,,,,
Steve Fisher*,San Diego State,MWC,28,10,0.737,,,,1999-00,367,195,0.653,8,2,,,552,276,0.667,15,6,3,1
Rex Walters,San Francisco,WCC,15,15,0.5,,,,2008-09,127,127,0.5,,,,,158,160,0.497,,,,
Dave Wojcik,San Jose State,MWC,9,22,0.29,,,,2013-14,18,74,0.196,,,,,18,74,0.196,,,,
Kerry Keating,Santa Clara,WCC,11,20,0.355,,,,2007-08,139,159,0.466,,,,,139,159,0.466,,,,
Horace Broadnax,Savannah State,MEAC,16,16,0.5,,,,2005-06,143,195,0.423,,,,,185,283,0.395,,,,
Cameron Dollar,Seattle,WAC,15,17,0.469,,,,2009-10,94,121,0.437,,,,,94,121,0.437,,,,
Kevin Willard,Seton Hall,Big East,25,9,0.735,,20,Lost First Round,2010-11,107,90,0.543,1,,,,152,139,0.522,1,,,
Jimmy Patsos,Siena,MAAC,21,13,0.618,,,,2013-14,52,51,0.505,,,,,197,186,0.514,1,,,
Matthew Graves,South Alabama,Sun Belt,14,19,0.424,,,,2013-14,37,60,0.381,,,,,37,60,0.381,,,,
Frank Martin,South Carolina,SEC,25,9,0.735,,,,2012-13,70,63,0.526,,,,,187,117,0.615,4,1,,
Murray Garvin,South Carolina State,MEAC,19,15,0.559,,,,2012-13,41,65,0.387,,,,,41,65,0.387,,,,
Eddie Payne,USC Upstate,A-Sun,10,22,0.312,,,,2007-08,117,171,0.406,,,,,223,319,0.411,1,,,
Craig Smith,South Dakota,Summit,14,18,0.438,,,,2014-15,31,34,0.477,,,,,31,34,0.477,,,,
Scott Nagy,South Dakota State,Summit,26,8,0.765,,,Lost First Round,2005-06,190,163,0.538,3,,,,190,163,0.538,3,,,
Orlando Antigua,South Florida,AAC,8,25,0.242,,,,2014-15,17,48,0.262,,,,,17,48,0.262,,,,
Rick Ray,Southeast Missouri State,OVC,5,24,0.172,,,,2015-16,5,24,0.172,,,,,42,84,0.333,,,,
Jay Ladner,Southeastern Louisiana,Southland,12,21,0.364,,,,2014-15,21,44,0.323,,,,,21,44,0.323,,,,
Roman Banks,Southern,SWAC,22,13,0.629,,,,2011-12,99,67,0.596,2,,,,99,67,0.596,2,,,
Andy Enfield,USC,Pac-12,21,13,0.618,,,Lost First Round,2013-14,44,54,0.449,1,,,,85,82,0.509,2,1,,
Barry Hinson,Southern Illinois,MVC,22,10,0.688,,,,2012-13,62,67,0.481,,,,,267,207,0.563,,,,
Jon Harris,SIU-Edwardsville,OVC,6,22,0.214,,,,2015-16,6,22,0.214,,,,,6,22,0.214,,,,
Larry Brown*,SMU,AAC,16,5,0.762,,24,,2012-13,85,39,0.685,1,,,,262,100,0.724,8,4,3,1
Tim Jankovich,SMU,AAC,9,0,1,,24,,2015-16,9,0,1,,,,,166,121,0.578,,,,
Doc Sadler,Southern Miss,CUSA,8,21,0.276,,,,2014-15,17,41,0.293,,,,,166,148,0.529,1,,,
Nick Robinson,Southern Utah,Big Sky,6,24,0.2,,,,2012-13,29,90,0.244,,,,,29,90,0.244,,,,
Mark Schmidt,St. Bonaventure,A-10,22,9,0.71,,,,2007-08,146,132,0.525,1,,,,228,222,0.507,1,,,
Glenn Braica,St. Francis (NY),NEC,15,17,0.469,,,,2010-11,98,91,0.519,,,,,98,91,0.519,,,,
Chris Mullin,St. John's (NY),Big East,8,24,0.25,,,,2015-16,8,24,0.25,,,,,8,24,0.25,,,,
Johnny Dawkins,Stanford,Pac-12,15,15,0.5,,,,2008-09,156,115,0.576,1,1,,,156,115,0.576,1,1,,
Brad Underwood,Stephen F. Austin,Southland,28,6,0.824,,,Lost Second Round,2013-14,89,14,0.864,3,,,,89,14,0.864,3,,,
Corey Williams,Stetson,A-Sun,12,22,0.353,,,,2013-14,28,68,0.292,,,,,28,68,0.292,,,,
Steve Pikiell,Stony Brook,AEC,26,7,0.788,,,Lost First Round,2005-06,192,156,0.552,1,,,,192,156,0.552,1,,,
Jim Boeheim*,Syracuse,ACC,19,9,0.679,,,Lost National Semifinal,1976-77,985,342,0.742,32,17,5,1,985,342,0.742,32,17,5,1
Mike Hopkins,Syracuse,ACC,4,5,0.444,,,Lost National Semifinal,2015-16,4,5,0.444,1,1,1,,4,5,0.444,1,1,1,
Fran Dunphy,Temple,AAC,21,12,0.636,,,Lost First Round,2006-07,214,120,0.641,7,,,,524,283,0.649,16,,,
Rick Barnes,Tennessee,SEC,15,19,0.441,,,,2015-16,15,19,0.441,,,,,619,333,0.65,22,6,1,
Heath Schroyer,UT-Martin,OVC,20,15,0.571,,,,2014-15,41,28,0.594,,,,,126,144,0.467,,,,
Dana Ford,Tennessee State,OVC,20,11,0.645,,,,2014-15,25,37,0.403,,,,,25,37,0.403,,,,
Steve Payne,Tennessee Tech,OVC,19,12,0.613,,,,2011-12,79,77,0.506,,,,,79,77,0.506,,,,
Shaka Smart,Texas,Big 12,20,13,0.606,,,Lost First Round,2015-16,20,13,0.606,1,,,,183,69,0.726,6,1,1,
Billy Kennedy,Texas A&M,SEC,28,9,0.757,,15,Lost Regional Semifinal,2011-12,99,70,0.586,1,1,,,310,249,0.555,3,1,,
Willis Wilson,Texas A&M-Corpus Christi,Southland,25,8,0.758,,,,2011-12,75,85,0.469,,,,,293,332,0.469,,,,
Scott Cross,Texas-Arlington,Sun Belt,24,11,0.686,,,,2006-07,177,139,0.56,1,,,,177,139,0.56,1,,,
Trent Johnson,TCU,Big 12,12,21,0.364,,,,2012-13,50,79,0.388,,,,,276,265,0.51,5,2,,
Tim Floyd*,UTEP,CUSA,19,14,0.576,,,,2010-11,122,77,0.613,,,,,449,258,0.635,8,2,,
Dan Hipsher,Texas-Rio Grande Valley,WAC,8,22,0.267,,,,2013-14,27,66,0.29,,,,,168,230,0.422,,,,
Brooks Thompson,UTSA,CUSA,5,27,0.156,,,,2006-07,133,178,0.428,1,,,,133,178,0.428,1,,,
Mike Davis,Texas Southern,SWAC,18,15,0.545,,,,2012-13,76,57,0.571,2,,,,313,209,0.6,7,1,1,
Danny Kaspar,Texas State,Sun Belt,15,16,0.484,,,,2013-14,37,56,0.398,,,,,283,197,0.59,1,,,
Tubby Smith,Texas Tech,Big 12,19,13,0.594,,,Lost First Round,2013-14,46,50,0.479,1,,,,557,276,0.669,18,9,1,1
Tod Kowalczyk,Toledo,MAC,17,15,0.531,,,,2010-11,102,93,0.523,,,,,238,205,0.537,,,,
Pat Skerry,Towson,CAA,20,13,0.606,,,,2011-12,76,88,0.463,,,,,76,88,0.463,,,,
Phil Cunningham,Troy,Sun Belt,9,22,0.29,,,,2013-14,30,61,0.33,,,,,30,61,0.33,,,,
Ed Conroy,Tulane,AAC,12,22,0.353,,,,2010-11,92,103,0.472,,,,,141,179,0.441,,,,
Frank Haith,Tulsa,AAC,20,12,0.625,,,,2014-15,43,23,0.652,1,,,,248,152,0.62,4,,,
Steve Alford,UCLA,Pac-12,15,17,0.469,,,,2013-14,65,40,0.619,2,2,,,450,246,0.647,9,3,,
Larry Krystkowiak,Utah,Pac-12,27,9,0.75,16,13,Lost Second Round,2011-12,95,73,0.565,2,1,,,137,93,0.596,4,1,,
Tim Duryea,Utah State,MWC,16,15,0.516,,,,2015-16,16,15,0.516,,,,,16,15,0.516,,,,
Mark Pope,Utah Valley,WAC,12,18,0.4,,,,2015-16,12,18,0.4,,,,,12,18,0.4,,,,
Bryce Drew,Valparaiso,Horizon,30,7,0.811,,,,2011-12,124,49,0.717,2,,,,124,49,0.717,2,,,
Kevin Stallings,Vanderbilt,SEC,19,14,0.576,18,,,1999-00,332,220,0.601,7,2,,,455,283,0.617,9,2,,
John Becker,Vermont,AEC,23,14,0.622,,,,2011-12,110,63,0.636,1,,,,110,63,0.636,1,,,
Jay Wright,Villanova,Big East,35,5,0.875,11,6,Won National Final,2001-02,354,157,0.693,11,5,2,1,476,242,0.663,13,5,2,1
Tony Bennett,Virginia,ACC,29,8,0.784,6,4,Lost Regional Final,2009-10,165,72,0.696,4,2,,,234,105,0.69,6,3,,
Will Wade,VCU,A-10,25,11,0.694,,,Lost Second Round,2015-16,25,11,0.694,1,,,,65,36,0.644,1,,,
Dan Earl,VMI,Southern,9,21,0.3,,,,2015-16,9,21,0.3,,,,,9,21,0.3,,,,
Buzz Williams,Virginia Tech,ACC,20,15,0.571,,,,2014-15,31,37,0.456,,,,,184,123,0.599,5,3,,
Bashir Mason,Wagner,NEC,23,11,0.676,,,,2012-13,71,55,0.563,,,,,71,55,0.563,,,,
Danny Manning,Wake Forest,ACC,11,20,0.355,,,,2014-15,24,39,0.381,,,,,62,68,0.477,1,,,
Lorenzo Romar,Washington,Pac-12,19,15,0.559,,,,2002-03,289,174,0.624,6,3,,,382,262,0.593,7,3,,
Ernie Kent,Washington State,Pac-12,9,22,0.29,,,,2014-15,22,40,0.355,,,,,347,293,0.542,6,2,,
Randy Rahe,Weber State,Big Sky,26,9,0.743,,,Lost First Round,2006-07,208,113,0.648,3,,,,208,113,0.648,3,,,
Bob Huggins,West Virginia,Big 12,26,9,0.743,,8,Lost First Round,2007-08,201,110,0.646,7,3,1,,719,296,0.708,22,7,2,
Larry Hunter,Western Carolina,Southern,16,18,0.471,,,,2005-06,171,187,0.478,,,,,375,335,0.528,1,,,
Bill Wright,Western Illinois,Summit,10,17,0.37,,,,2014-15,18,37,0.327,,,,,18,37,0.327,,,,
Ray Harper,Western Kentucky,CUSA,18,16,0.529,,,,2011-12,89,64,0.582,2,,,,89,64,0.582,2,,,
Steve Hawkins,Western Michigan,MAC,13,19,0.406,,,,2003-04,237,188,0.558,2,,,,237,188,0.558,2,,,
Gregg Marshall,Wichita State,MVC,26,9,0.743,10,,Lost Second Round,2007-08,230,85,0.73,5,2,1,,424,168,0.716,12,2,1,
Tony Shaver,William & Mary,CAA,20,11,0.645,,,,2003-04,176,225,0.439,,,,,176,225,0.439,,,,
Pat Kelsey,Winthrop,Big South,23,9,0.719,,,,2012-13,76,52,0.594,,,,,76,52,0.594,,,,
Bo Ryan,Wisconsin,Big Ten,7,5,0.583,17,,Lost Regional Semifinal,2001-02,364,130,0.737,15,8,2,,394,157,0.715,15,8,2,
Greg Gard,Wisconsin,Big Ten,15,8,0.652,17,,Lost Regional Semifinal,2015-16,15,8,0.652,1,1,,,15,8,0.652,1,1,,
Mike Young,Wofford,Southern,15,17,0.469,,,,2002-03,232,209,0.526,4,,,,232,209,0.526,4,,,
Billy Donlon,Wright State,Horizon,22,13,0.629,,,,2010-11,109,94,0.537,,,,,109,94,0.537,,,,
Larry Shyatt,Wyoming,MWC,14,18,0.438,,,,1997-98,117,78,0.6,1,,,,187,162,0.536,1,,,
Chris Mack,Xavier,Big East,28,6,0.824,,9,Lost Second Round,2009-10,162,77,0.678,6,3,,,162,77,0.678,6,3,,
James Jones,Yale,Ivy,23,7,0.767,,,Lost Second Round,1999-00,254,239,0.515,1,,,,254,239,0.515,1,,,
Jerry Slocum,Youngstown State,Horizon,11,21,0.344,,,,2005-06,129,211,0.379,,,,,129,211,0.379,,,,